City,Cloudiness,Country,Date,Humidity,Latitude,Longitude,Max Temperature,Wind Speeds
cape town,20,ZA,1574531984,68,-33.93,18.42,66.2,11.41
mataura,83,NZ,1574531656,90,-46.19,168.86,55.0,21.99
mahina,0,ML,1574532035,11,13.76,-10.85,94.87,5.39
morgan city,40,US,1574532035,82,29.7,-91.21,66.99,9.17
tuktoyaktuk,75,CA,1574532035,84,69.44,-133.03,1.4,2.24
sechura,72,PE,1574532035,93,-5.56,-80.82,64.94,15.77
butaritari,54,KI,1574532036,67,3.07,172.79,83.57,9.37
buala,99,SB,1574532036,83,-8.15,159.59,77.79,6.53
nara,16,JP,1574532036,93,34.68,135.8,60.8,6.93
bluff,0,AU,1574532036,89,-23.58,149.07,67.42,8.57
batagay-alyta,9,RU,1574532036,72,67.8,130.41,-31.81,2.57
rikitea,10,PF,1574532036,65,-23.12,-134.97,71.83,8.72
maragogi,23,BR,1574532036,71,-9.01,-35.22,79.45,11.32
carnarvon,0,ZA,1574532036,16,-30.97,22.13,71.01,20.38
praia,40,BR,1574532036,55,-20.25,-43.81,86.0,8.05
mahanoro,100,MG,1574532036,82,-19.9,48.8,79.54,13.82
nemuro,59,JP,1574532037,89,43.32,145.57,49.86,18.52
tasiilaq,20,GL,1574532037,73,65.61,-37.64,24.8,2.24
yeppoon,1,AU,1574532037,77,-23.13,150.74,69.8,1.7
albany,40,US,1574531972,51,42.65,-73.75,43.0,9.17
georgetown,40,GY,1574532023,79,6.8,-58.16,84.2,9.17
necochea,65,AR,1574532037,56,-38.55,-58.74,63.0,14.0
villanueva,20,HN,1574532037,58,15.32,-87.99,90.0,2.24
atuona,3,PF,1574532037,75,-9.8,-139.03,79.61,16.15
la ronge,90,CA,1574532037,75,55.1,-105.3,41.0,19.46
havre-saint-pierre,90,CA,1574532037,95,50.23,-63.6,35.6,10.29
verkhoyansk,22,RU,1574532037,88,67.55,133.39,-38.36,3.4
nanortalik,35,GL,1574532038,65,60.14,-45.24,34.23,6.49
linxia,98,CN,1574532038,78,35.6,103.21,21.18,1.97
bredasdorp,17,ZA,1574532038,56,-34.53,20.04,68.0,20.8
yulara,76,AU,1574532002,14,-25.24,130.99,75.2,4.7
jamestown,0,AU,1574532038,79,-33.21,138.6,49.44,5.37
ponta do sol,13,BR,1574532038,59,-20.63,-46.0,81.81,9.69
saldanha,64,PT,1574532038,83,41.42,-6.55,44.15,11.99
gloversville,75,US,1574532038,59,43.05,-74.34,43.0,12.75
madimba,40,CM,1574532038,79,4.42,9.93,84.2,3.36
inhambane,40,MZ,1574532038,83,-23.87,35.38,82.4,9.17
constitucion,5,MX,1574532038,22,23.99,-104.67,68.0,0.65
cherskiy,98,RU,1574532039,95,68.75,161.3,-25.49,7.63
tiksi,85,RU,1574532039,89,71.64,128.87,-24.75,5.41
sampit,42,ID,1574532039,96,-2.54,112.95,74.93,1.32
ushuaia,100,AR,1574531993,21,-54.81,-68.31,71.6,26.4
hermanus,33,ZA,1574532039,83,-34.42,19.24,64.99,3.0
anatolikon,20,GR,1574532039,93,40.66,22.71,57.99,3.36
minsk,100,BY,1574532039,57,53.9,27.56,23.0,8.95
vaini,0,IN,1574532039,64,15.34,74.49,66.07,7.63
cidreira,63,BR,1574531429,68,-30.17,-50.22,68.11,18.86
obo,66,CF,1574532039,84,5.39,26.49,71.82,4.43
punta arenas,100,CL,1574532040,54,-53.16,-70.91,73.4,14.99
polyarnyy,75,RU,1574532040,80,69.2,33.45,33.8,6.71
lebu,75,ET,1574532040,77,8.96,38.73,60.8,13.87
narsaq,20,GL,1574532040,42,60.91,-46.05,26.6,6.29
pampa,1,US,1574532040,49,35.54,-100.96,50.0,19.46
tayoltita,0,MX,1574532040,27,24.11,-105.93,76.23,3.51
port hardy,90,CA,1574532040,93,50.7,-127.42,46.4,13.87
east london,75,ZA,1574532041,83,-33.02,27.91,69.8,5.82
airai,0,TL,1574532041,50,-8.93,125.41,68.59,3.04
sambava,100,MG,1574532041,95,-14.27,50.17,75.24,1.19
mehamn,49,NO,1574532041,87,71.03,27.85,29.64,12.55
castro,75,CL,1574532041,63,-42.48,-73.76,62.6,18.34
atasu,100,KZ,1574532041,83,48.68,71.64,11.89,5.55
puerto ayora,20,EC,1574532041,53,-0.74,-90.35,77.0,13.87
dikson,61,RU,1574532041,99,73.51,80.55,-6.97,3.15
ventspils,16,LV,1574532041,74,57.39,21.56,28.4,8.05
harrison,90,US,1574532017,86,39.26,-84.82,41.0,6.93
arraial do cabo,40,BR,1574532042,62,-22.97,-42.02,86.0,18.34
avarua,100,CK,1574532042,94,-21.21,-159.78,75.2,3.36
puerto del rosario,20,ES,1574532042,64,28.5,-13.86,73.4,13.87
busselton,37,AU,1574532042,54,-33.64,115.35,57.0,10.74
ambilobe,86,MG,1574532042,84,-13.19,49.05,78.67,6.11
lompoc,1,US,1574531493,62,34.64,-120.46,70.0,3.36
vestmannaeyjar,75,IS,1574532043,81,63.44,-20.27,42.8,9.17
fare,97,PF,1574532043,75,-16.7,-151.02,81.27,15.32
brigantine,1,US,1574532043,42,39.41,-74.36,46.99,4.7
bathsheba,40,BB,1574532043,70,13.22,-59.52,86.0,14.99
sarasota,1,US,1574531893,57,27.34,-82.53,82.99,13.87
torbay,75,CA,1574532043,93,47.66,-52.73,43.0,20.8
galveston,90,US,1574531699,90,40.58,-86.19,36.0,5.82
moerai,80,PF,1574532043,83,-22.43,-151.33,74.88,20.51
mareeba,40,AU,1574532044,83,-16.99,145.42,71.6,1.88
hualmay,37,PE,1574532044,55,-11.1,-77.61,73.76,12.12
thompson,90,CA,1574531847,92,55.74,-97.86,28.4,4.7
lasa,20,CY,1574532044,55,34.92,32.53,66.2,4.7
vila franca do campo,20,PT,1574531691,88,37.72,-25.43,68.0,14.99
santiago,17,PH,1574532044,95,16.69,121.54,71.24,1.28
flinders,100,AU,1574532044,93,-34.58,150.85,64.99,9.17
kapaa,90,US,1574532044,94,22.08,-159.32,75.2,18.34
grand gaube,75,MU,1574532045,78,-20.01,57.66,80.6,2.24
mount gambier,90,AU,1574532045,93,-37.83,140.78,46.4,6.93
namatanai,97,PG,1574532045,71,-3.66,152.44,81.57,10.09
hobart,57,AU,1574532021,53,-42.88,147.33,50.0,9.17
suoyarvi,85,RU,1574532045,63,62.08,32.35,23.27,5.77
kahului,40,US,1574532045,73,20.89,-156.47,77.0,17.22
port elizabeth,1,US,1574532041,42,39.31,-74.98,46.4,4.7
norman wells,90,CA,1574532045,92,65.28,-126.83,14.0,2.24
yellowknife,90,CA,1574531666,100,62.45,-114.38,23.0,6.93
chernyakhiv,100,UA,1574532045,37,50.46,28.67,24.26,12.35
kwakoa,100,TZ,1574532046,72,-3.77,37.72,76.32,11.45
dargaville,92,NZ,1574532046,96,-35.94,173.86,57.99,3.65
esperance,83,AU,1574532046,87,-33.86,121.89,53.6,4.27
chokurdakh,94,RU,1574532046,98,70.62,147.9,-21.05,8.79
qaanaaq,100,GL,1574532046,71,77.48,-69.36,9.59,9.01
sorland,100,NO,1574532046,77,67.67,12.69,45.55,7.81
north myrtle beach,90,US,1574532046,72,33.83,-78.68,70.0,5.82
ribeira grande,75,PT,1574532046,88,38.52,-28.7,68.0,20.8
fort wellington,33,GY,1574532046,74,6.4,-57.6,83.1,10.83
sawtell,92,AU,1574532047,88,-30.38,153.1,68.0,6.93
guaymas,20,MX,1574531922,64,27.92,-110.9,73.0,6.24
pisco,90,PE,1574532047,30,-13.71,-76.2,71.6,14.99
sitka,0,US,1574532047,58,37.17,-99.65,48.99,11.01
morehead,90,US,1574532047,93,38.18,-83.43,51.8,3.36
dudinka,62,RU,1574531845,83,69.41,86.18,-9.4,15.66
san quintin,48,PH,1574532047,88,17.54,120.52,72.23,4.27
nikolskoye,82,RU,1574532048,79,59.7,30.79,19.99,6.71
westport,1,US,1574531680,42,41.14,-73.36,46.99,8.05
oltu,0,TR,1574532048,62,40.55,42.0,29.61,3.76
upernavik,100,GL,1574532048,60,72.79,-56.15,22.77,11.27
nesna,100,NO,1574532048,86,66.2,13.02,34.83,7.76
baiyin,98,CN,1574532048,62,36.55,104.13,23.0,6.71
hambantota,26,LK,1574532048,75,6.12,81.12,81.75,18.16
saint-philippe,90,CA,1574532048,73,45.36,-73.48,36.0,10.29
hilo,75,US,1574532048,78,19.71,-155.08,72.0,5.82
mouila,100,GA,1574531692,85,-1.86,11.06,76.91,3.24
pevek,100,RU,1574532048,91,69.7,170.27,-8.23,4.56
alofi,100,NU,1574532048,100,-19.06,-169.92,75.2,5.82
nova prata,69,BR,1574532049,78,-28.78,-51.61,64.0,4.0
stabat,40,ID,1574532049,94,3.76,98.46,78.8,4.7
chuy,1,UY,1574532049,55,-33.69,-53.46,68.52,14.74
arvika,100,SE,1574532049,100,59.65,12.59,41.0,5.82
petropavlovsk-kamchatskiy,75,RU,1574532049,72,53.05,158.65,17.6,6.71
new norfolk,73,AU,1574532049,53,-42.78,147.06,50.0,9.17
hay river,40,CA,1574531669,92,60.82,-115.79,24.8,8.05
abu samrah,100,SY,1574532049,30,35.3,37.18,56.8,5.17
lososina,99,RU,1574532050,48,49.0,140.31,35.55,12.68
sittingbourne,20,GB,1574532050,100,51.34,0.73,51.8,6.93
diapaga,0,BF,1574532050,14,12.07,1.79,88.88,5.79
chazuta,40,PE,1574532050,100,-6.57,-76.13,62.6,4.7
provideniya,64,RU,1574532050,85,64.42,-173.23,2.19,7.36
nome,1,US,1574532050,67,30.04,-94.42,59.0,10.29
valdivia,90,CL,1574532050,82,-39.81,-73.25,60.8,9.17
endicott,1,US,1574532050,64,42.1,-76.05,42.01,5.82
mehran,20,IR,1574532050,52,33.12,46.17,41.0,2.24
samarai,12,PG,1574532050,89,-10.62,150.67,70.99,5.77
boromo,0,BF,1574532051,15,11.74,-2.93,91.09,4.76
union,90,US,1574531922,93,34.72,-81.62,61.0,6.93
shahreza,100,IR,1574532051,65,32.01,51.87,37.26,5.48
san patricio,23,PY,1574532051,50,-26.98,-56.83,87.57,10.78
talnakh,20,RU,1574532051,83,69.49,88.39,-9.4,15.66
gedo,100,ET,1574532051,88,9.01,37.45,57.09,4.94
chifeng,100,CN,1574532051,40,42.27,118.96,24.12,3.31
hirara,100,JP,1574532051,87,24.8,125.28,77.29,9.93
malakwal,5,PK,1574532051,52,32.55,73.21,62.46,5.53
camacha,40,PT,1574532052,77,33.08,-16.33,71.6,13.87
hithadhoo,75,MV,1574532052,76,-0.6,73.08,83.17,8.52
axim,4,GH,1574531682,79,4.87,-2.24,79.83,5.17
barrow,35,AR,1574532052,15,-38.31,-60.23,79.2,12.57
saint-joseph,100,FR,1574531679,93,43.56,6.97,57.2,9.17
yerbogachen,100,RU,1574532052,95,61.28,108.01,-8.25,9.19
qasigiannguit,100,GL,1574532052,64,68.82,-51.19,32.11,14.2
svetlopolyansk,100,RU,1574532052,97,59.42,52.36,16.2,4.63
los llanos de aridane,20,ES,1574532052,83,28.66,-17.92,71.6,8.05
kavieng,83,PG,1574532052,77,-2.57,150.8,81.39,8.7
souillac,66,FR,1574532053,93,45.6,-0.6,52.0,10.29
kudahuvadhoo,89,MV,1574532053,75,2.67,72.89,84.0,12.1
lakatoro,100,VU,1574531704,68,-16.11,167.42,76.57,20.31
mjolby,99,SE,1574532053,100,58.33,15.12,41.0,8.05
codrington,0,AU,1574532053,87,-28.95,153.24,69.8,5.82
port augusta,0,AU,1574532053,82,-32.49,137.76,55.4,4.7
port alfred,82,ZA,1574532045,84,-33.59,26.89,68.0,1.99
tura,100,RU,1574532053,97,64.27,100.22,-15.2,0.45
guerrero negro,87,MX,1574532053,47,27.97,-114.04,68.76,2.59
piney green,90,US,1574532053,93,35.09,-78.48,54.0,5.26
awjilah,46,LY,1574532054,21,29.14,21.3,67.95,10.49
victoria,75,BN,1574531953,83,5.28,115.24,78.8,3.36
hofn,81,IS,1574531659,85,64.25,-15.21,43.5,17.9
grand forks,1,US,1574532054,95,47.91,-97.06,35.6,9.17
sao felix do xingu,100,BR,1574532034,92,-6.64,-51.99,74.14,2.39
henties bay,0,NA,1574532054,79,-22.12,14.28,64.99,14.0
saint john,20,CA,1574532054,50,45.28,-66.06,32.0,16.11
mykolayiv,75,UA,1574532055,55,46.97,32.0,33.01,13.42
clyde river,90,CA,1574532055,92,70.47,-68.59,19.4,20.8
poum,40,MK,1574532055,86,41.28,20.71,41.0,3.36
adamas,98,GR,1574532055,87,36.73,24.43,59.0,6.93
aklavik,90,CA,1574532055,84,68.22,-135.01,8.6,3.36
ahipara,100,NZ,1574532055,100,-35.17,173.16,57.99,17.72
kruisfontein,23,ZA,1574532055,88,-34.0,24.73,57.96,3.62
fortuna,1,US,1574532009,81,40.6,-124.16,53.01,8.05
honningsvag,63,NO,1574532055,76,70.98,25.97,37.89,19.93
trinidad,75,BO,1574532055,70,-14.83,-64.9,86.0,9.17
goianesia,60,BR,1574532056,51,-15.32,-49.12,83.7,8.66
plettenberg bay,11,ZA,1574532056,80,-34.05,23.37,62.15,3.65
nisia floresta,20,BR,1574532056,62,-6.09,-35.21,86.0,14.99
asosa,100,ET,1574532056,64,10.07,34.53,71.91,2.77
zhigansk,100,RU,1574532056,96,66.77,123.37,-19.64,8.25
barra da estiva,83,BR,1574532056,52,-13.63,-41.33,78.85,5.59
carutapera,100,BR,1574531703,78,-1.2,-46.02,81.73,11.5
arlit,32,NE,1574532056,15,18.74,7.39,88.97,9.8
castanos,38,MX,1574532056,63,26.78,-101.42,64.33,6.04
catuday,76,PH,1574532056,79,16.29,119.81,81.0,5.61
peniche,20,PT,1574532056,76,39.36,-9.38,57.2,6.93
iqaluit,75,CA,1574532057,63,63.75,-68.52,28.4,14.99
saint-pierre,99,FR,1574532057,93,48.95,4.24,44.01,4.7
gourdon,96,FR,1574532057,93,44.74,1.38,51.8,11.41
albury,0,AU,1574531779,62,-36.08,146.92,55.99,3.27
marietta,90,US,1574532060,93,33.95,-84.55,64.99,6.93
gat,0,SN,1574532060,45,14.69,-16.54,100.4,13.87
marawi,76,PH,1574531699,93,8.0,124.29,75.0,7.0
kaitangata,100,NZ,1574532060,79,-46.28,169.85,58.19,14.32
aswan,0,EG,1574531705,17,24.09,32.9,75.2,10.29
berlevag,26,NO,1574532060,78,70.86,29.09,37.62,16.08
rapid valley,1,US,1574532060,27,44.06,-103.15,57.99,19.46
shanghai,75,CN,1574531840,88,31.23,121.49,68.0,2.24
sioux lookout,90,CA,1574532061,80,50.1,-91.92,30.2,8.05
paamiut,100,GL,1574532061,65,61.99,-49.67,33.39,13.51
yarim,77,YE,1574532061,60,14.3,44.38,57.4,13.22
wamba,100,CD,1574532061,98,2.14,27.99,66.61,0.96
voh,8,NC,1574532061,78,-20.95,164.69,69.98,8.48
verkhnevilyuysk,98,RU,1574531667,94,63.45,120.31,-7.94,6.04
fenoarivo,75,MG,1574532061,93,-18.93,47.44,66.2,9.17
felipe carrillo puerto,2,MX,1574532061,52,19.58,-88.05,86.56,4.32
saint george,40,GR,1574532061,82,39.45,22.34,59.0,5.03
san policarpo,50,PH,1574532062,86,12.18,125.51,80.82,7.18
celestun,80,MX,1574531682,70,20.87,-90.4,78.53,3.09
vao,100,EE,1574532062,49,59.1,26.19,25.5,6.6
riyadh,10,SA,1574531819,36,24.63,46.72,64.4,5.82
coruripe,81,BR,1574532062,70,-10.12,-36.18,80.46,15.1
burnie,24,AU,1574531671,86,-41.05,145.91,41.0,1.99
saskylakh,98,RU,1574532062,99,71.97,114.09,-21.91,2.37
payo,100,ID,1574532062,95,-3.75,103.64,67.66,2.77
dingle,23,PH,1574532063,88,11.0,122.67,75.16,7.81
anchorage,90,US,1574532063,92,61.22,-149.89,37.4,8.9
salta,40,AR,1574532063,51,-24.79,-65.41,80.6,5.82
port-cartier,75,CA,1574532063,76,50.03,-66.88,33.01,13.87
khatanga,98,RU,1574532063,99,71.98,102.47,-17.73,2.95
forio,20,IT,1574532063,59,40.73,13.86,64.99,3.36
bahia honda,5,CU,1574532063,58,22.9,-83.16,81.21,6.87
salalah,0,OM,1574532063,28,17.01,54.1,82.4,17.22
lokosovo,95,RU,1574532063,96,61.13,74.84,15.51,3.38
vardo,1,US,1574532064,65,39.62,-77.74,43.0,6.93
kingaroy,90,AU,1574532064,82,-26.54,151.84,66.2,2.19
honiara,20,SB,1574532064,100,-9.43,159.96,73.4,3.36
ossora,0,RU,1574532064,71,59.24,163.07,18.99,3.83
coquimbo,90,CL,1574532064,77,-29.95,-71.34,64.4,10.29
gizo,0,IL,1574532064,59,31.8,34.94,66.2,4.7
ekhabi,84,RU,1574532064,77,53.51,142.97,20.73,20.45
mindelo,40,PT,1574532064,87,41.31,-8.72,57.99,4.7
kannad,70,IN,1574532064,53,20.26,75.13,74.88,6.08
mar del plata,100,AR,1574532064,45,-46.43,-67.52,64.36,12.97
darovskoy,87,RU,1574532065,64,58.77,47.96,18.9,4.92
mhango,100,TZ,1574532065,88,-2.75,33.92,67.3,13.06
ilulissat,100,GL,1574532060,64,69.22,-51.1,32.11,14.2
isangel,97,VU,1574532065,75,-19.55,169.27,70.03,15.55
zhongshu,5,CN,1574532065,96,24.52,103.77,50.0,1.16
amapa,20,HN,1574531684,58,15.09,-87.97,90.0,2.24
jardim,99,BR,1574531664,31,-21.48,-56.15,96.69,4.63
bilibino,49,RU,1574532065,100,68.06,166.44,-33.92,1.28
port blair,0,IN,1574531667,69,11.67,92.75,81.91,11.32
ulverstone,24,AU,1574532065,87,-41.16,146.17,50.0,1.99
haines junction,18,CA,1574532065,97,60.75,-137.51,17.8,6.8
santa cruz,47,BR,1574532066,30,-6.22,-36.02,95.47,10.22
nacala,99,MZ,1574532066,88,-14.56,40.69,78.3,6.44
ust-tsilma,100,RU,1574532066,95,65.44,52.15,30.38,5.86
hami,0,CN,1574532066,26,42.84,93.51,19.18,7.02
lisakovsk,52,KZ,1574532066,92,52.55,62.49,13.87,6.87
athabasca,58,CA,1574532066,76,54.72,-113.29,37.98,13.8
grants,1,US,1574532066,60,35.15,-107.85,41.0,10.29
lydenburg,42,ZA,1574532066,92,-25.1,30.46,61.56,7.78
salsomaggiore terme,75,IT,1574532066,100,44.81,9.98,55.99,22.32
saint-denis,75,FR,1574532067,87,48.94,2.36,51.01,8.05
cape canaveral,1,US,1574532067,53,28.41,-80.6,81.0,6.93
mayo,40,CA,1574531657,92,63.59,-135.9,10.4,3.36
margate,57,AU,1574532067,53,-43.03,147.26,50.0,9.17
west fargo,1,US,1574532067,69,46.88,-96.9,41.0,9.17
borogontsy,32,RU,1574531705,98,62.67,131.17,-28.61,5.99
tadine,79,NC,1574532067,67,-21.55,167.88,69.66,11.12
saint-augustin,90,CA,1574532053,77,45.63,-73.98,36.0,13.87
rawson,36,AR,1574532067,35,-43.3,-65.11,67.71,30.33
tuatapere,77,NZ,1574532068,90,-46.13,167.69,55.0,21.99
kieta,100,PG,1574532068,76,-6.22,155.63,78.85,10.45
svetlogorsk,40,RU,1574532068,53,53.14,59.15,23.0,15.66
madona,100,LV,1574532068,48,56.85,26.22,24.21,8.57
mitu,0,IR,1574531694,53,36.2,46.09,31.68,4.85
komsomolskiy,100,RU,1574532068,85,67.55,63.78,7.45,2.91
claveria,99,PH,1574532068,93,8.61,124.89,75.0,5.99
beloha,0,MG,1574532068,73,-25.17,45.06,70.41,15.19
kaeo,71,NZ,1574532068,100,-35.1,173.78,57.99,9.91
chimoio,40,MZ,1574532068,83,-19.11,33.48,78.8,6.85
diu,16,IN,1574532069,70,20.71,70.98,80.92,9.06
coahuayana,71,MX,1574532069,64,18.62,-100.35,84.56,2.06
rafaela,8,AR,1574532069,24,-31.25,-61.49,87.01,7.0
yar-sale,69,RU,1574532069,95,66.83,70.83,-9.15,7.23
vostok,100,RU,1574532069,86,46.45,135.83,20.95,4.5
khash,22,IR,1574532069,43,28.22,61.21,46.76,6.46
dauphin,40,CA,1574531692,65,51.15,-100.04,41.0,16.11
ostashkov,100,RU,1574532069,37,57.14,33.12,24.37,7.49
bakchar,100,RU,1574532069,94,57.02,82.07,-2.36,9.24
lagoa,20,PT,1574532058,59,37.14,-8.45,60.8,10.29
costesti,100,RO,1574532070,83,44.66,24.88,37.8,8.39
kachiry,100,KZ,1574532070,92,53.07,76.1,4.93,7.94
de-kastri,11,RU,1574532070,49,51.48,140.77,24.55,15.19
iwanai,100,JP,1574532070,91,42.97,140.51,37.87,6.53
boa vista,64,BR,1574532070,57,2.82,-60.67,87.48,3.06
quatre cocos,75,MU,1574532071,78,-20.21,57.76,80.6,2.24
christchurch,67,NZ,1574532000,93,-43.53,172.64,66.0,9.17
tessalit,0,ML,1574532071,12,20.2,1.01,78.3,9.17
lira,100,UG,1574532071,97,2.25,32.9,63.82,3.36
klaksvik,5,FO,1574531840,93,62.23,-6.59,44.6,4.7
kiama,100,AU,1574532071,93,-34.67,150.86,64.99,9.17
moose factory,90,CA,1574532071,86,51.26,-80.61,33.8,13.87
geraldton,90,CA,1574532072,86,49.72,-86.95,28.4,6.93
luderitz,0,NA,1574532072,81,-26.65,15.16,60.46,25.17
concordia,40,AR,1574532072,44,-31.4,-58.02,79.0,11.41
novo aripuana,77,BR,1574532072,60,-5.12,-60.38,86.05,3.98
quepos,20,CR,1574532006,47,9.43,-84.16,82.4,10.29
goure,0,NE,1574532072,14,13.98,10.27,89.01,1.99
port-gentil,40,GA,1574532072,83,-0.72,8.78,82.4,9.17
leningradskiy,92,RU,1574532073,96,69.38,178.42,-4.4,21.07
sao joao da barra,99,BR,1574531843,52,-21.64,-41.05,91.4,9.17
veraval,90,FR,1574532073,93,49.65,0.71,51.01,11.41
abalak,0,NE,1574532073,11,15.46,6.28,86.83,7.74
dong hoi,0,VN,1574532073,90,17.48,106.6,66.0,2.98
buta,67,CD,1574532073,98,2.79,24.73,71.29,0.25
tsiroanomandidy,96,MG,1574532073,71,-18.77,46.05,74.08,5.59
rorvik,84,NO,1574532073,75,64.86,11.24,43.0,3.0
portland,20,US,1574531787,35,43.66,-70.25,43.0,6.93
mahajanga,40,MG,1574532074,83,-15.72,46.32,82.4,6.93
spantov,90,RO,1574532074,100,44.12,26.78,37.0,5.82
kurikka,90,FI,1574532074,88,62.62,22.4,33.01,4.7
kirkwood,36,ZA,1574532074,77,-33.4,25.44,66.2,14.99
lavrentiya,100,RU,1574532074,74,65.58,-170.99,17.62,13.53
mahebourg,75,MU,1574532074,78,-20.41,57.7,80.6,2.24
beyneu,0,KZ,1574532074,38,45.32,55.19,22.71,3.65
port hedland,100,AU,1574531678,69,-20.31,118.58,80.6,8.05
bowen,14,AU,1574531408,93,-20.01,148.25,68.0,4.7
chegdomyn,45,RU,1574532075,94,51.13,133.04,-2.6,3.36
praya,40,ID,1574532075,88,-8.71,116.27,80.6,1.99
khani,0,GE,1574532075,42,41.96,42.96,46.4,32.21
puerto narino,90,CO,1574531685,100,-3.77,-70.38,77.0,4.7
cabo san lucas,5,MX,1574532075,64,22.89,-109.91,79.0,6.93
puri,12,ID,1574532076,77,-7.54,112.45,76.73,2.21
sur,68,OM,1574532076,62,22.57,59.53,73.17,9.31
alta floresta,40,BR,1574532076,59,-9.87,-56.08,89.6,3.36
faanui,92,PF,1574532070,78,-16.48,-151.75,80.87,16.89
carire,62,BR,1574532076,33,-3.95,-40.47,96.26,5.86
kalevala,95,FI,1574532076,91,64.12,29.58,28.44,5.99
ulaanbaatar,67,MN,1574532076,75,47.92,106.92,-13.0,2.24
charyshskoye,92,RU,1574532076,69,51.4,83.56,6.51,2.51
palmer,1,AU,1574532076,87,-34.85,139.16,54.0,3.22
rocha,6,UY,1574532076,57,-34.48,-54.34,65.55,14.41
laurel,1,US,1574531780,60,39.1,-76.85,44.6,3.36
khandyga,60,RU,1574531680,98,62.65,135.58,-31.43,2.37
lorengau,92,PG,1574532077,77,-2.02,147.27,83.12,11.74
vestmanna,68,FO,1574532077,93,62.16,-7.17,44.6,4.7
hamilton,1,CA,1574531848,64,43.26,-79.87,43.0,11.41
ternate,20,PH,1574532077,88,14.29,120.72,80.01,3.36
wanning,5,AT,1574531672,66,48.64,13.53,52.0,12.75
sterlibashevo,32,RU,1574532077,85,53.44,55.26,15.44,9.8
chambas,20,CU,1574532078,58,22.19,-78.91,82.4,12.75
longonjo,48,AO,1574532078,61,-12.91,15.25,67.15,3.22
cayenne,75,GF,1574532078,66,4.94,-52.33,89.6,16.11
faya,5,SA,1574532078,87,18.39,42.45,60.8,4.7
chicama,40,PE,1574532078,73,-7.84,-79.15,69.8,12.75
tocopilla,0,CL,1574532078,33,-22.09,-70.2,74.03,12.59
alyangula,0,AU,1574531683,100,-13.85,136.42,77.0,5.21
adrar,0,DZ,1574532078,26,27.87,-0.29,78.8,17.22
key west,1,US,1574531981,95,47.93,-96.78,35.6,9.17
biak,71,ID,1574532079,74,-0.91,122.88,81.59,1.19
itacare,20,BR,1574532079,70,-14.28,-39.0,87.8,9.17
kununurra,54,AU,1574532079,74,-15.77,128.74,78.8,2.24
shimizu,75,JP,1574532079,100,35.71,139.62,59.0,18.34
jackson,1,US,1574532009,50,43.48,-110.76,36.0,4.23
longhua,74,CN,1574532080,82,29.21,106.21,56.95,3.06
sterling,75,US,1574532080,60,39.0,-77.4,44.01,6.93
sept-iles,75,CA,1574531697,70,50.2,-66.38,33.01,13.87
maiduguri,69,NG,1574532080,15,11.84,13.15,85.23,8.79
balkhash,50,KZ,1574532080,53,46.84,74.98,19.27,4.76
broken hill,0,AU,1574532081,42,-31.97,141.45,62.6,14.99
marsa matruh,0,EG,1574531793,64,31.35,27.25,68.0,5.32
pilar,0,AR,1574532081,49,-34.46,-58.91,79.0,16.11
san luis,86,AR,1574532017,40,-33.3,-66.34,84.04,18.92
san juan,39,AR,1574532081,35,-31.54,-68.53,87.62,20.58
tramore,75,IE,1574532081,93,52.16,-7.15,48.2,9.17
cairns,75,AU,1574531830,78,-16.92,145.77,71.6,5.82
ancud,75,CL,1574532081,63,-41.87,-73.83,62.6,18.34
adre,0,TD,1574532081,16,13.47,22.2,76.06,11.43
uspantan,0,GT,1574532081,52,15.35,-90.87,70.9,5.97
college,90,US,1574531687,100,64.86,-147.8,24.8,3.36
nambucca heads,92,AU,1574532082,88,-30.64,152.99,68.0,6.93
fairbanks,90,US,1574531837,100,64.84,-147.72,21.2,3.36
leiyang,0,CN,1574532082,63,26.42,112.85,65.23,3.29
ankazoabo,84,MG,1574532082,63,-22.29,44.51,74.73,7.74
parrita,20,CR,1574532006,47,9.52,-84.33,82.4,10.29
eureka,1,US,1574532051,76,40.8,-124.16,53.01,4.7
poronaysk,85,RU,1574532082,74,49.22,143.1,42.46,16.02
muroto,0,JP,1574532082,80,33.37,134.14,56.01,4.92
methoni,40,GR,1574532083,87,36.82,21.7,61.0,10.2
heze,84,CN,1574532083,58,35.25,115.45,52.95,10.98
ust-kuyga,100,RU,1574532083,97,70.0,135.55,-24.9,7.61
manokwari,100,ID,1574532083,72,-0.87,134.08,74.46,4.97
inirida,31,CO,1574532083,75,3.87,-67.92,87.15,2.8
sigli,10,ID,1574532083,75,5.38,95.96,81.68,7.11
pandamatenga,88,BW,1574532083,46,-18.54,25.64,82.38,6.93
zhezkazgan,6,KZ,1574531699,78,47.8,67.71,9.45,1.7
shaoguan,0,CN,1574532084,70,24.81,113.59,60.12,1.81
jacareacanga,56,BR,1574532084,73,-6.22,-57.76,85.08,0.65
trapani,40,IT,1574532084,60,38.02,12.54,68.0,10.29
ca mau,100,VN,1574532084,94,9.18,105.15,75.11,3.74
shache,26,CN,1574532084,39,38.42,77.24,30.61,4.32
nelson bay,90,AU,1574532084,93,-32.72,152.14,68.0,6.06
sabang,48,PH,1574532084,94,13.8,121.11,73.35,4.32
knysna,40,ZA,1574532085,77,-34.04,23.05,64.4,5.82
richards bay,49,ZA,1574531676,92,-28.77,32.06,74.52,10.83
boguchany,100,RU,1574532085,92,58.38,97.46,8.19,11.74
togur,100,RU,1574532085,93,58.36,82.83,5.32,10.25
xining,95,CN,1574532085,58,36.62,101.77,20.41,7.34
davenda,4,RU,1574532085,88,53.56,119.32,-16.11,2.21
carolina,40,PR,1574532085,61,18.38,-65.96,87.01,11.41
kalmunai,53,LK,1574531694,73,7.42,81.82,82.63,8.77
rafai,58,CF,1574532086,83,4.95,23.92,71.13,3.13
xiongzhou,40,CN,1574532086,100,32.34,118.83,64.99,2.24
kramat,2,ID,1574532086,79,-7.04,112.64,78.91,3.47
kiunga,86,PG,1574532086,98,-6.12,141.3,71.01,1.63
lesosibirsk,100,RU,1574532086,92,58.22,92.49,8.89,12.59
talakan,29,RU,1574532086,90,50.29,130.28,0.77,6.15
kosh-agach,3,RU,1574532086,73,49.99,88.66,-12.06,2.44
bumba,100,CD,1574532086,97,2.18,22.47,70.3,3.56
kvarkeno,7,RU,1574532087,90,52.08,59.73,14.2,7.67
oktyabrskiy,93,RU,1574532087,78,55.61,37.97,23.0,4.47
riohacha,20,CO,1574532087,66,11.54,-72.91,87.8,17.22
vilhena,40,BR,1574532087,62,-12.74,-60.15,84.2,10.29
vernon,90,CA,1574532010,79,50.27,-119.27,39.2,8.05
lianyuan,6,CN,1574532087,78,27.69,111.67,60.1,2.08
koulikoro,0,ML,1574531874,21,12.86,-7.56,93.2,5.82
srednekolymsk,86,RU,1574532087,99,67.46,153.71,-23.4,3.71
tigil,100,RU,1574531680,77,57.8,158.67,18.48,11.79
hasaki,75,JP,1574532088,100,35.73,140.83,64.4,13.87
severo-kurilsk,100,RU,1574532067,98,50.68,156.12,30.4,8.03
pirgos,20,GR,1574532088,87,35.12,25.72,64.0,6.93
makakilo city,90,US,1574532088,100,21.35,-158.09,78.8,6.93
ilebo,100,CD,1574531697,98,-4.33,20.59,68.14,1.39
san vicente,20,EC,1574532010,83,-0.59,-80.41,80.6,10.29
ust-barguzin,100,RU,1574532088,79,53.41,109.03,8.65,9.04
cerro de pasco,67,PE,1574532089,60,-10.67,-76.25,50.94,10.04
ordzhonikidze,0,UA,1574532089,61,44.96,35.36,43.56,16.89
oyama,90,JP,1574531689,93,36.31,139.8,59.0,11.41
umm kaddadah,1,SD,1574531693,18,13.6,26.69,78.78,10.87
raudeberg,51,NO,1574532089,75,61.99,5.14,45.0,6.93
kargasok,100,RU,1574532089,93,59.06,80.87,8.4,10.54
bahir dar,100,ET,1574532089,88,11.59,37.39,62.78,7.52
bethel,90,US,1574532078,100,60.79,-161.76,21.2,6.93
lata,30,IN,1574532089,58,30.78,78.62,18.46,8.5
tabou,78,CI,1574532089,78,4.42,-7.36,80.94,4.21
katsuura,20,JP,1574532090,87,33.93,134.5,53.6,10.29
laguna,40,BZ,1574532090,79,16.17,-88.94,84.2,3.58
itupiranga,75,BR,1574532090,83,-5.13,-49.33,80.6,2.24
staryy nadym,60,RU,1574532090,100,65.61,72.68,-5.21,7.09
touros,40,BR,1574532090,58,-5.2,-35.46,86.0,14.99
taltal,35,CL,1574532090,67,-25.41,-70.49,65.79,11.54
chuzhou,21,CN,1574532090,98,32.25,118.33,61.0,1.12
kodiak,1,US,1574532091,64,39.95,-94.76,42.01,13.87
zyryanka,100,RU,1574532091,98,65.73,150.89,-20.63,0.78
novyy urengoy,6,RU,1574532091,96,66.08,76.63,-11.72,10.36
jalu,46,LY,1574532011,21,29.03,21.55,67.95,10.49
bikapur,100,IN,1574532091,44,26.66,82.14,68.67,4.97
jerantut,80,MY,1574532091,99,3.94,102.37,71.1,1.01
shingu,45,JP,1574531704,70,33.72,135.99,66.24,8.63
singaparna,95,ID,1574532091,95,-7.35,108.11,69.57,0.89
ondjiva,0,AO,1574532091,13,-17.07,15.73,95.0,3.36
ouegoa,41,NC,1574532092,88,-20.34,164.44,62.67,4.0
karaton,20,ID,1574532092,83,-6.34,106.1,78.8,2.24
mendi,81,ET,1574532092,78,9.8,35.1,67.82,3.76
chepareria,100,KE,1574532092,94,1.32,35.2,64.53,4.94
bratsk,100,RU,1574532092,84,56.15,101.63,6.8,6.71
coihaique,75,CL,1574531515,45,-45.58,-72.07,62.6,4.7
ostrovnoy,100,RU,1574531664,94,68.05,39.51,23.94,17.27
meleuz,52,RU,1574532092,84,52.96,55.93,15.39,8.63
seoul,40,KR,1574531355,100,37.57,126.98,46.4,1.12
egvekinot,0,RU,1574532093,77,66.32,-179.17,-7.67,8.41
morag,45,PL,1574531957,83,53.92,19.93,33.01,14.36
muros,40,ES,1574531664,100,42.77,-9.06,55.99,2.24
kango,58,GA,1574532093,93,0.19,10.1,76.6,3.53
zuwarah,61,LY,1574532093,43,32.93,12.08,71.22,10.58
winnemucca,1,US,1574532093,69,40.97,-117.74,41.0,2.59
loa janan,100,ID,1574532093,92,-0.58,117.09,73.81,0.78
hauterive,20,CA,1574532093,68,49.18,-68.27,30.2,11.41
sindou,0,BF,1574532093,22,10.66,-5.16,86.61,2.3
nhulunbuy,40,AU,1574532094,88,-12.18,136.78,75.2,5.41
udachnyy,90,RU,1574532094,75,66.42,112.4,-20.2,2.24
mattawa,75,CA,1574532094,80,46.32,-78.7,39.0,12.75
road town,20,VG,1574532094,58,18.42,-64.62,86.0,6.93
bhusawal,31,IN,1574532094,55,21.05,75.78,74.07,3.6
tymovskoye,9,RU,1574532094,64,50.85,142.66,27.54,11.23
north bend,75,US,1574532094,100,43.41,-124.22,48.0,3.36
batagay,0,RU,1574532089,94,67.65,134.64,-37.08,2.66
salihorsk,100,BY,1574532095,38,52.79,27.54,24.57,14.54
caravelas,49,BR,1574532095,63,-17.73,-39.27,85.55,16.55
subkhankulovo,84,RU,1574532095,90,54.56,53.81,14.04,6.69
plouzane,75,FR,1574532095,93,48.38,-4.62,50.0,9.17
damphu,32,BT,1574532095,94,27.07,90.11,51.84,3.58
havoysund,76,NO,1574531695,79,71.0,24.66,32.0,11.41
nuevo progreso,90,US,1574532095,63,26.05,-97.95,66.2,8.05
metro,88,ID,1574531699,89,-5.11,105.31,75.97,5.86
karratha,100,AU,1574532095,57,-20.74,116.85,83.53,16.98
sibolga,100,ID,1574531702,97,1.74,98.78,71.94,1.43
dicabisagan,54,PH,1574532096,86,17.08,122.42,77.0,5.79
mega,100,ET,1574532096,86,4.06,38.32,67.39,10.65
umm lajj,0,SA,1574532096,49,25.02,37.27,70.63,4.29
sale,74,AU,1574532052,88,-38.11,147.06,57.0,3.8
neiafu,90,TO,1574531691,94,-18.65,-173.98,73.4,12.57
solnechnyy,38,RU,1574532096,88,50.72,136.64,10.17,1.34
xianyang,90,CN,1574532096,62,34.31,108.72,53.6,6.71
goderich,22,CA,1574532010,77,43.74,-81.71,39.99,11.01
taretan,40,MX,1574532096,64,19.33,-101.92,73.4,4.45
masaka,82,UG,1574532096,87,-0.34,31.75,69.53,14.0
nabire,100,ID,1574532096,96,-3.36,135.5,71.06,1.95
da lat,69,VN,1574531698,99,11.95,108.44,57.85,2.57
roma,40,IT,1574531425,67,41.89,12.48,66.0,21.92
kaputa,100,ZM,1574532097,91,-8.47,29.66,67.46,5.93
ilo,1,PE,1574532097,64,-17.65,-71.34,75.2,9.17
bambous virieux,75,MU,1574532054,78,-20.34,57.76,80.6,2.24
wilmington,68,US,1574531641,56,39.75,-75.55,46.0,3.62
imeni babushkina,10,RU,1574532097,84,59.76,43.13,14.47,3.91
isabela,92,PH,1574532097,91,10.2,122.99,71.08,5.53
tankhoy,74,RU,1574532097,63,51.55,105.12,8.37,9.13
puro,55,PH,1574532098,88,13.13,123.76,79.27,8.46
the valley,40,AI,1574532079,57,18.22,-63.06,86.0,9.17
kharitonovo,100,RU,1574532098,93,61.4,47.5,18.86,4.94
te anau,96,NZ,1574532098,86,-45.41,167.72,54.1,11.45
orizona,64,BR,1574532098,70,-17.03,-48.3,78.71,11.45
oranjemund,0,ZA,1574532098,73,-28.55,16.43,60.03,14.09
mecca,45,SA,1574531583,60,21.43,39.83,76.15,3.22
san jose,7,HN,1574532099,61,14.25,-87.96,78.1,2.93
bestobe,47,KZ,1574532099,89,52.5,73.1,3.11,12.41
port hawkesbury,90,CA,1574532099,74,45.62,-61.36,32.0,19.46
saurimo,100,AO,1574532099,93,-9.66,20.4,68.04,3.11
novopavlovka,100,KG,1574532099,83,42.87,74.49,32.0,2.24
sinazongwe,55,ZM,1574531706,67,-17.26,27.46,82.02,3.91
tilichiki,0,RU,1574532099,81,60.47,166.1,-2.54,5.88
ormara,84,PK,1574532099,62,25.21,64.64,76.03,6.42
san cristobal,46,HN,1574532099,62,14.68,-86.92,78.49,4.09
khasan,100,RU,1574532099,95,42.43,130.64,40.42,4.9
kathmandu,20,NP,1574532100,93,27.71,85.32,55.4,3.36
moron,63,HT,1574532100,64,18.56,-74.26,81.01,4.45
zarand,61,IR,1574532100,59,30.81,56.57,35.6,4.7
san felipe,21,CL,1574532100,89,-32.75,-70.73,81.0,8.08
nouadhibou,33,MR,1574532100,68,20.93,-17.03,71.6,13.87
tangjiazhuang,100,CN,1574532101,73,33.27,105.76,36.73,10.65
sherpur,11,BD,1574532101,71,25.02,90.01,68.95,3.69
monrovia,40,LR,1574532101,74,6.33,-10.8,86.0,6.93
rochester,8,US,1574531878,68,44.02,-92.46,41.0,5.01
deputatskiy,100,RU,1574532073,92,69.3,139.9,-23.28,4.43
inta,100,RU,1574532101,96,66.04,60.13,24.42,12.93
anastacio,33,BR,1574532101,29,-20.48,-55.81,99.21,5.06
puerto montt,90,CL,1574532101,59,-41.47,-72.94,66.2,13.87
bagotville,0,AU,1574532101,88,-28.98,153.42,69.8,9.17
kassala,0,SD,1574532102,52,15.45,36.38,81.05,8.79
verkhnyaya inta,100,RU,1574532102,96,65.99,60.32,23.72,11.95
gunjur,17,GM,1574532102,36,13.18,-16.76,93.2,8.05
challans,90,FR,1574532102,76,46.85,-1.88,50.0,10.29
krasnyy klyuch,95,RU,1574532102,96,55.39,56.65,14.77,4.12
husavik,62,CA,1574532102,84,50.56,-96.99,34.0,5.99
kirakira,43,SB,1574531699,88,-10.46,161.92,74.55,5.93
flin flon,75,CA,1574532103,86,54.77,-101.88,30.2,5.82
ust-nera,85,RU,1574532103,95,64.57,143.24,-38.7,2.37
ola,100,RU,1574532103,79,59.58,151.3,19.15,31.25
campoverde,40,EC,1574532103,42,-0.91,-78.62,66.2,3.36
jiuquan,18,CN,1574532103,49,39.73,98.49,11.5,4.27
grindavik,75,IS,1574532103,93,63.84,-22.43,41.0,4.7
lamu,76,CN,1574532104,73,35.77,102.37,17.08,4.18
manta,100,RO,1574532104,90,45.1,24.1,37.45,4.21
jurm,63,AF,1574532104,85,36.86,70.83,26.37,0.85
cockburn town,11,TC,1574532104,66,21.46,-71.14,79.0,14.83
salgado,20,BR,1574532104,62,-11.03,-37.48,86.0,16.11
langsa,90,ID,1574532104,93,4.47,97.97,75.04,3.76
tamandare,100,BR,1574532104,66,-8.28,-70.75,82.6,5.03
longyearbyen,75,NO,1574532104,72,78.22,15.63,17.6,2.24
tulun,100,RU,1574532104,72,54.56,100.58,7.81,7.34
kamskoye ustye,0,RU,1574532105,72,55.2,49.27,15.8,11.18
leshukonskoye,99,RU,1574532105,93,64.9,45.76,26.67,6.2
chebenki,75,RU,1574532105,92,51.93,55.71,15.8,6.71
lasem,2,ID,1574532105,79,-6.99,112.52,78.91,3.47
ketchikan,90,US,1574532105,93,55.34,-131.65,46.4,20.8
luchegorsk,100,RU,1574532105,74,46.44,134.3,26.15,5.12
oudtshoorn,40,ZA,1574532105,77,-33.59,22.2,64.4,5.82
high level,40,CA,1574532105,55,58.52,-117.13,39.2,10.29
great falls,75,US,1574532105,36,47.5,-111.29,50.0,26.4
vuktyl,76,RU,1574532105,97,63.86,57.31,22.01,2.08
dwarka,40,IN,1574532106,68,28.58,77.04,77.0,5.82
xai-xai,0,MZ,1574532106,75,-25.04,33.64,80.24,7.05
sola,100,TZ,1574532106,88,-3.17,33.8,67.3,13.06
parabel,100,RU,1574532106,92,58.71,81.5,5.29,9.71
zheshart,99,RU,1574532106,96,62.09,49.59,22.37,4.72
puerto baquerizo moreno,40,EC,1574532107,64,-0.9,-89.6,75.2,14.99
idah,84,NG,1574532107,57,7.11,6.73,84.16,0.78
srandakan,8,ID,1574532056,90,-7.94,110.25,74.86,2.68
mwanza,75,TZ,1574532107,88,-2.52,32.9,69.8,18.34
agadir,40,MA,1574532108,77,30.42,-9.58,66.2,10.29
san andres,32,PH,1574532108,92,13.32,122.68,76.82,5.5
half moon bay,1,US,1574532108,66,37.46,-122.43,61.0,6.13
lazaro cardenas,40,MX,1574532108,58,28.39,-105.62,60.01,6.93
beringovskiy,0,RU,1574532108,84,63.05,179.32,7.03,15.75
foumban,15,CM,1574532108,74,5.73,10.9,73.27,5.35
meulaboh,99,ID,1574532108,81,4.14,96.13,80.22,3.02
bolshoye nagatkino,0,RU,1574532108,62,54.52,47.97,21.2,8.95
semenivka,86,UA,1574532109,31,52.18,32.58,23.74,9.1
nueva gerona,6,CU,1574532109,67,21.88,-82.8,80.4,10.09
champerico,40,MX,1574532109,61,16.38,-93.6,82.4,3.36
porto torres,75,IT,1574532109,93,40.84,8.4,55.4,12.75
lima,40,PE,1574531909,73,-12.06,-77.04,71.6,14.99
yumen,0,CN,1574532110,29,40.29,97.04,9.43,12.71
palmerston,78,AU,1574532110,74,-12.49,130.99,80.6,4.7
sisimiut,100,GL,1574532110,71,66.94,-53.67,27.1,17.85
tayu,75,JP,1574532110,77,35.06,136.67,60.8,11.41
susehri,100,TR,1574532110,49,40.16,38.09,34.23,3.74
destin,75,US,1574532051,78,30.39,-86.5,77.0,17.22
sharanga,0,RU,1574532110,53,57.18,46.54,18.88,5.32
monywa,0,MM,1574532111,75,22.12,95.13,71.01,1.59
novaya zaimka,100,RU,1574532111,95,56.49,66.92,20.41,8.19
merritt,1,CA,1574531870,65,50.11,-120.79,46.4,21.92
balaka,100,MW,1574532111,78,-14.99,34.96,75.22,7.16
wagga wagga,0,AU,1574532111,55,-35.12,147.37,62.6,6.93
bilma,0,NE,1574532111,14,18.69,12.92,80.33,6.96
teguldet,100,RU,1574532112,87,57.31,88.17,4.68,13.85
nuuk,75,GL,1574532112,64,64.17,-51.74,37.4,32.21
meadow lake,20,CA,1574532010,52,54.13,-108.44,46.4,25.28
vikhorevka,100,RU,1574532112,84,56.12,101.17,6.8,6.71
liwale,100,TZ,1574532112,76,-9.8,37.92,77.25,5.5
preetz,100,DE,1574532112,87,54.24,10.28,45.0,18.34
la asuncion,99,AR,1574532112,91,-26.05,-65.39,62.38,2.3
kamaishi,100,JP,1574532112,94,39.28,141.86,54.21,9.84
rovenki,0,RU,1574532113,37,49.91,38.89,21.74,10.87
broome,20,GB,1574532113,93,52.47,1.45,50.0,5.82
bayir,40,TR,1574532113,87,37.27,28.22,57.2,3.36
bonavista,100,CA,1574531683,84,48.65,-53.11,39.0,11.01
avera,75,US,1574532113,68,33.19,-82.53,71.6,11.41
charleston,1,US,1574532113,64,32.79,-79.94,73.0,13.87
aksu,83,KZ,1574532113,77,52.04,76.93,5.0,6.71
kasongo-lunda,99,CD,1574532114,96,-6.48,16.82,70.02,1.48
huancavelica,82,PE,1574532114,61,-12.79,-74.97,48.09,12.41
aguimes,40,ES,1574532114,78,27.91,-15.45,71.6,14.99
jumla,61,NP,1574532114,66,29.28,82.18,39.06,4.63
sorong,100,ID,1574531685,99,-0.86,131.25,72.63,1.19
chipinge,44,ZW,1574532114,83,-20.19,32.62,72.43,6.04
constantine,75,DZ,1574532114,71,36.36,6.61,50.0,11.41
marovoay,40,MG,1574532114,83,-16.11,46.64,82.4,6.93
hazleton,1,US,1574532115,48,40.96,-75.99,43.0,6.93
labuhan,100,ID,1574531690,94,-2.54,115.51,72.88,1.83
mahalingpur,0,IN,1574532115,61,16.38,75.12,69.55,6.78
shimoda,100,JP,1574531680,94,34.7,138.93,64.0,1.99
belyy yar,73,RU,1574532115,78,53.6,91.39,10.4,4.47
imeni poliny osipenko,1,RU,1574532115,74,52.42,136.49,4.08,4.14
wanxian,100,CN,1574532115,70,30.8,108.39,58.3,1.66
nkhata bay,100,MW,1574532115,71,-11.61,34.3,84.07,6.38
hashtrud,0,IR,1574532116,65,37.48,47.05,30.04,3.87
wenling,99,CN,1574532116,97,28.38,121.38,66.0,5.08
sucua,90,EC,1574532116,83,-2.46,-78.17,71.6,5.82
tautira,75,PF,1574532116,65,-17.73,-149.15,82.4,2.24
salinopolis,100,BR,1574532116,79,-0.61,-47.36,81.5,13.49
mandalgovi,0,MN,1574532116,53,45.76,106.27,0.3,11.79
shahr-e babak,6,IR,1574532116,26,30.12,55.12,46.47,5.7
saravan,0,AM,1574532117,59,39.72,45.65,35.6,6.93
el ejido,20,ES,1574532117,31,36.78,-2.82,64.4,18.34
kandrian,32,PG,1574532117,90,-6.21,149.55,71.08,5.26
hashimoto,0,JP,1574531919,91,34.32,135.62,57.0,3.04
feijo,75,EC,1574532117,78,-3.63,-79.92,89.6,4.7
kozyatyn,90,UA,1574532117,85,49.71,28.83,21.2,15.66
fostoria,1,US,1574532118,56,43.24,-95.16,39.99,8.05
vaitape,92,PF,1574532118,78,-16.52,-151.75,80.87,16.89
san miguel,0,AR,1574532118,49,-34.54,-58.72,79.0,16.11
valenca,59,BR,1574532118,59,-13.37,-39.07,86.83,7.67
paveh,18,IR,1574532118,52,35.05,46.36,42.8,13.87
ballina,75,IE,1574532118,100,54.11,-9.15,46.99,6.93
port keats,63,AU,1574532118,70,-14.25,129.55,84.04,3.91
gotsu,34,JP,1574532118,63,35.01,132.22,64.29,5.32
fayaoue,81,NC,1574532119,70,-20.65,166.53,72.52,18.7
mayumba,10,GA,1574532119,84,-3.44,10.65,80.29,12.8
itarema,20,BR,1574532119,50,-2.92,-39.92,90.16,13.89
nicolas bravo,5,MX,1574532119,22,24.39,-104.74,68.0,3.38
kibala,48,TD,1574532119,45,9.11,18.35,86.0,2.42
struer,100,DK,1574532120,87,56.48,8.6,48.0,19.46
ugento,20,IT,1574532120,88,39.93,18.16,62.6,8.05
apiai,29,BR,1574532120,93,-24.51,-48.84,73.33,6.15
saint anthony,40,US,1574532120,61,43.97,-111.68,37.99,4.7
waitati,100,NZ,1574532120,93,-45.75,170.57,55.0,5.01
hue,20,VN,1574532120,94,16.47,107.58,68.0,2.24
phangnga,20,TH,1574532120,78,8.45,98.53,78.8,8.05
borzya,100,RU,1574532121,81,50.39,116.53,-2.13,11.12
aasiaat,100,GL,1574532121,81,68.71,-52.87,29.03,19.95
comodoro rivadavia,75,AR,1574532121,68,-45.87,-67.48,64.4,4.7
samana,75,EC,1574532121,70,0.12,-76.97,84.2,3.36
carnduff,89,CA,1574532121,81,49.17,-101.8,33.01,5.99
batie,100,FR,1574532121,93,45.06,5.82,52.0,8.05
quixeramobim,92,BR,1574532122,25,-5.2,-39.3,97.27,7.09
yudong,76,CN,1574532122,91,32.02,121.36,64.99,1.52
miri,6,NG,1574531689,20,10.31,9.75,81.07,2.84
southbridge,1,US,1574532122,41,42.08,-72.03,45.0,10.29
formosa do rio preto,100,BR,1574532122,45,-11.04,-45.19,87.87,3.18
ojinaga,1,US,1574532122,38,29.56,-104.41,63.0,4.7
barra do garcas,63,BR,1574531648,37,-15.89,-52.26,96.87,2.35
bud,40,NO,1574532122,62,62.91,6.91,41.0,9.17
mikumi,100,TZ,1574532123,86,-7.4,36.98,73.49,1.16
sinop,96,TR,1574532123,82,42.03,35.15,54.19,9.19
harindanga,0,IN,1574532123,88,22.04,88.32,69.8,4.52
persianovskiy,0,RU,1574532123,58,47.51,40.11,24.8,20.13
am timan,38,TD,1574532123,16,11.04,20.28,78.53,4.36
trairi,95,BR,1574532123,46,-3.28,-39.27,89.76,8.86
ardakan,82,IR,1574532123,81,32.31,54.02,44.6,4.7
iskateley,100,RU,1574532123,98,67.68,53.15,32.94,5.88
gubkinskiy,0,RU,1574532123,95,64.43,76.5,-10.89,11.18
mahon,75,IE,1574532143,93,51.89,-8.4,46.99,13.87
suez,0,EG,1574532143,55,29.97,32.54,64.67,5.73
palauig,34,PH,1574532143,79,15.44,119.9,74.93,2.28
nago,75,IT,1574532143,82,45.88,10.89,57.2,16.11
saint-georges,34,CA,1574532068,74,46.12,-70.67,26.01,11.99
kirkwall,100,GB,1574532143,87,58.98,-2.96,48.2,9.17
liliani,17,PK,1574531983,52,32.21,72.95,63.18,5.82
dera bugti,96,PK,1574532145,60,29.03,69.15,63.14,1.7
saint-leu,90,RE,1574532145,83,-21.15,55.28,78.8,12.75
bambanglipuro,8,ID,1574532145,90,-7.95,110.28,74.86,2.68
kavaratti,91,IN,1574531936,74,10.57,72.64,83.59,4.68
austin,1,US,1574531894,54,30.27,-97.74,63.0,8.05
state college,1,US,1574532146,60,40.79,-77.86,43.0,7.18
sembakung,100,ID,1574532146,94,3.82,117.25,75.43,3.76
longmont,1,US,1574532132,46,40.17,-105.1,50.0,4.7
benjamin hill,84,MX,1574532146,48,30.17,-111.1,69.01,3.0
puertollano,1,ES,1574532146,69,38.69,-4.11,48.99,10.0
boynton beach,1,US,1574532146,36,40.55,-74.25,46.99,6.17
matamoros,90,US,1574532146,63,25.87,-97.51,66.2,8.05
kifri,0,IQ,1574532146,34,34.69,44.96,58.15,0.98
saint-louis,0,SN,1574531695,48,16.03,-16.5,86.0,9.17
angoche,68,MZ,1574532146,74,-16.23,39.91,82.58,10.36
hargeysa,73,SO,1574532146,91,9.56,44.06,66.61,13.82
lyudinovo,91,RU,1574532147,34,53.86,34.45,23.67,8.34
minot,20,US,1574531923,64,48.23,-101.3,39.99,10.29
asadabad,34,IR,1574532147,92,34.78,48.12,30.2,2.24
koumac,41,NC,1574532147,88,-20.56,164.28,62.67,4.0
dunedin,100,NZ,1574532147,93,-45.87,170.5,55.0,5.01
taoudenni,2,ML,1574532147,20,22.68,-3.98,74.3,6.38
takoradi,24,GH,1574532147,77,4.89,-1.75,82.35,7.96
alice town,74,BS,1574532147,61,25.72,-79.3,76.14,10.54
cangzhou,82,CN,1574532147,83,38.3,116.85,46.92,12.37
tongliao,100,CN,1574532148,31,43.61,122.27,23.68,11.88
bourail,82,NC,1574532148,80,-21.57,165.5,64.56,1.66
corn island,13,NI,1574532148,73,12.17,-83.04,81.84,3.87
concepcion del oro,16,MX,1574532148,34,24.63,-101.42,67.1,3.69
kearney,1,US,1574532148,65,40.7,-99.08,46.99,13.87
port lincoln,0,AU,1574532134,78,-34.72,135.86,51.6,1.95
fremont,1,US,1574532101,66,37.55,-121.99,61.0,1.9
pochutla,20,MX,1574531673,55,15.74,-96.47,89.6,10.51
leh,11,IN,1574532148,58,34.16,77.58,19.51,2.24
sao filipe,45,CV,1574532148,73,14.9,-24.5,74.34,10.18
tacna,90,PE,1574531933,50,-18.01,-70.25,75.2,10.29
ayia galini,20,GR,1574532149,87,35.1,24.68,62.6,6.93
chitral,71,PK,1574532149,67,35.85,71.79,18.18,3.62
bocas del toro,0,PA,1574532149,76,9.33,-82.25,70.0,6.91
payakumbuh,100,ID,1574532149,98,-0.23,100.63,67.35,1.52
nurota,84,UZ,1574532149,50,40.56,65.69,30.2,4.7
virar,26,IN,1574532149,66,19.47,72.8,84.2,4.7
thabazimbi,48,ZA,1574532149,61,-24.59,27.41,75.15,13.31
turka,100,RU,1574532150,66,52.95,108.22,14.41,20.6
floro,90,NO,1574532150,75,61.6,5.03,45.0,6.93
manicore,96,BR,1574532133,55,-5.81,-61.3,89.37,3.0
sault sainte marie,1,CA,1574532150,56,46.49,-84.36,42.8,10.29
pangai,100,TO,1574532150,62,-19.8,-174.35,74.73,9.73
conde,75,BR,1574532150,82,-11.81,-37.61,79.27,15.73
mlowo,79,TZ,1574532150,84,-9.01,33.0,65.73,1.86
valls,20,ES,1574532150,54,41.28,1.25,57.0,35.57
dongsheng,89,CN,1574532151,56,29.72,112.52,65.48,7.09
cap malheureux,75,MU,1574532151,78,-19.98,57.61,80.6,2.24
vila velha,20,BR,1574531668,62,-3.71,-38.6,86.0,17.22
miami beach,1,US,1574532151,74,45.45,-84.56,41.0,9.17
pacific grove,1,US,1574532151,58,36.62,-121.92,61.0,12.39
birsk,88,RU,1574532151,93,55.42,55.54,15.44,6.4
alcains,0,PT,1574532027,69,39.92,-7.46,51.01,4.0
tongchuan,90,CN,1574532152,62,34.9,108.95,53.6,6.71
kupang,0,ID,1574532152,77,-10.16,123.6,80.73,3.98
port macquarie,90,AU,1574532152,88,-31.43,152.91,69.8,5.82
starychi,90,UA,1574532152,92,49.97,23.55,30.99,13.42
nantucket,1,US,1574532152,45,41.28,-70.1,46.0,13.87
orito,75,CO,1574532152,70,0.67,-76.88,84.2,3.36
murgab,75,TM,1574532152,69,37.5,61.97,37.4,13.87
coruche,20,PT,1574532152,76,38.96,-8.53,57.2,6.93
alpena,1,US,1574531656,51,45.06,-83.43,45.0,9.17
kijang,60,KR,1574532153,87,35.24,129.21,51.8,4.7
smirnykh,58,RU,1574532153,77,49.74,142.83,35.65,4.36
zambezi,100,ZM,1574532153,93,-13.55,23.12,68.18,2.39
usinsk,100,RU,1574532153,96,66.0,57.56,27.41,9.84
marrakesh,90,MA,1574532153,82,31.63,-7.99,62.6,3.36
qostanay,90,KZ,1574532067,92,53.17,63.58,26.6,11.18
okha,84,RU,1574532153,77,53.59,142.95,20.73,20.45
batemans bay,100,AU,1574532153,87,-35.71,150.18,55.0,5.01
kikerino,85,RU,1574532153,79,59.47,29.63,19.99,6.71
kenmare,75,IE,1574532154,93,51.88,-9.58,46.4,3.36
princeton,1,US,1574531995,36,40.35,-74.66,46.99,5.12
braintree,100,GB,1574532154,100,51.88,0.55,51.8,11.41
lazarev,25,RU,1574532154,63,52.23,141.51,19.6,17.07
cotonou,40,BJ,1574532154,79,6.37,2.43,86.0,8.05
rabak,0,SD,1574532154,18,13.18,32.74,87.64,14.27
wajima,100,JP,1574532154,70,37.4,136.9,62.26,7.09
sumbe,40,AO,1574532154,74,-11.2,13.84,80.6,13.87
totma,10,RU,1574532154,84,59.98,42.76,14.47,3.91
kayerkan,97,RU,1574532154,83,69.35,87.76,-9.4,15.66
along,100,IN,1574532154,97,28.17,94.8,60.8,0.89
porangatu,62,BR,1574532155,45,-13.44,-49.14,90.66,3.56
dharan,45,NP,1574532155,91,26.81,87.28,55.33,1.95
aklera,99,IN,1574532155,51,24.41,76.57,70.75,6.87
pelym,87,RU,1574532155,95,61.01,62.0,22.03,8.01
vero beach,40,US,1574532155,54,27.64,-80.4,81.0,9.17
pringsewu,46,ID,1574532063,98,-5.36,104.98,70.93,2.04
balabac,99,PH,1574532155,76,7.99,117.06,81.05,1.61
viesca,5,MX,1574532155,59,25.34,-102.81,72.0,4.7
dale,7,CN,1574532155,65,24.09,109.99,63.1,3.78
humaita,40,AR,1574532156,51,-24.93,-65.37,80.6,5.82
havelock,90,US,1574532156,71,34.88,-76.9,62.6,6.93
durant,1,US,1574532156,46,33.99,-96.37,53.6,9.17
arshan,1,YE,1574532156,81,14.32,46.95,64.71,6.82
la primavera,75,AR,1574532156,73,-32.92,-68.67,73.4,4.7
kabo,95,CF,1574532156,35,7.69,18.62,81.1,3.2
balikpapan,79,ID,1574532156,93,-1.24,116.86,73.24,1.28
rosarito,75,CO,1574532156,77,4.91,-75.23,77.0,9.17
rongcheng,94,CN,1574532156,61,37.16,122.42,57.0,1.01
bela vista,100,BR,1574532156,30,-22.11,-56.53,98.58,8.57
stepnyak,9,KZ,1574532157,91,52.83,70.79,6.58,10.09
shakiso,100,ET,1574532157,96,5.77,38.9,60.67,1.03
judaberg,75,NO,1574532157,61,59.17,5.87,48.2,5.82
kopavogur,75,IS,1574532157,93,64.11,-21.91,41.0,4.7
sinnai,75,IT,1574532157,82,39.3,9.2,62.6,5.82
vetluga,0,RU,1574532157,51,57.85,45.78,18.3,4.09
katherine,40,AU,1574532157,58,-14.47,132.26,82.4,6.93
yuncheng,100,CN,1574532157,30,35.03,111.0,48.43,18.25
neos marmaras,47,GR,1574532158,94,40.1,23.78,57.0,1.01
mto wa mbu,100,TZ,1574532158,75,-3.38,35.86,73.51,9.66
bagepalli,20,IN,1574532158,100,13.78,77.8,66.2,4.7
tiznit,97,MA,1574532158,95,29.7,-9.73,57.25,11.36
pitea,83,SE,1574532158,97,65.32,21.48,33.8,6.93
xiamen,75,CN,1574531467,88,24.46,118.07,69.8,2.24
bemidji,1,US,1574532159,64,47.48,-94.89,39.0,8.05
galesong,20,ID,1574532159,83,-5.32,119.37,78.8,4.7
casas grandes,57,MX,1574532159,41,30.15,-110.24,60.76,3.53
joutseno,100,FI,1574532159,73,61.11,28.48,26.01,5.82
cochrane,100,CL,1574532159,54,-47.25,-72.57,57.87,7.83
saint-francois,98,FR,1574532159,87,46.42,3.91,48.99,1.12
gorele,99,TR,1574532159,71,41.03,39.0,53.6,5.82
tokuyama,75,JP,1574532159,87,34.05,131.82,57.0,6.93
mbanza-ngungu,92,CD,1574532159,92,-5.25,14.87,70.48,1.66
igarka,17,RU,1574532160,94,67.47,86.57,-16.17,8.52
garhi khairo,50,PK,1574532160,50,28.06,67.98,69.55,4.25
novoagansk,77,RU,1574532160,94,61.94,76.66,4.84,9.8
alto longa,44,BR,1574532160,22,-5.25,-42.21,102.92,3.31
pore,34,CO,1574532160,40,5.73,-71.99,93.43,8.99
koutsouras,41,GR,1574532161,72,35.03,25.95,64.0,5.01
oussouye,28,SN,1574531686,59,12.49,-16.54,93.2,4.7
imperia,75,IT,1574532161,93,43.88,8.02,59.0,26.4
mosetse,90,BW,1574532161,58,-20.64,26.64,76.96,9.57
dryden,1,CA,1574532161,86,49.79,-92.84,28.4,9.17
sarkand,100,KZ,1574532161,52,45.41,79.91,22.17,3.36
fort nelson,20,CA,1574532161,79,58.81,-122.69,26.6,3.36
shenzhen,0,CN,1574532073,78,22.54,114.05,73.99,2.24
kailua,75,US,1574532162,74,21.39,-157.74,78.8,12.75
evensk,89,RU,1574531701,78,61.92,159.24,3.61,4.7
brae,96,GB,1574532162,93,60.4,-1.35,48.2,13.87
